{
    "model": "balanced_tuning_logreg",
    "train_accuracy": 0.9420538696942089,
    "test_accuracy": 0.9084750513922631,
    "train_time_sec": 1.0396475791931152,
    "classification_report": {
        "negative": {
            "precision": 0.518974358974359,
            "recall": 0.5360169491525424,
            "f1-score": 0.5273579989577906,
            "support": 944.0
        },
        "neutral": {
            "precision": 0.2742914979757085,
            "recall": 0.267258382642998,
            "f1-score": 0.2707292707292707,
            "support": 1014.0
        },
        "positive": {
            "precision": 0.9602386708502649,
            "recall": 0.9599917720868045,
            "f1-score": 0.9601152055957004,
            "support": 19446.0
        },
        "accuracy": 0.9084750513922631,
        "macro avg": {
            "precision": 0.5845015092667775,
            "recall": 0.5877557012941149,
            "f1-score": 0.5860674917609207,
            "support": 21404.0
        },
        "weighted avg": {
            "precision": 0.9082809085765938,
            "recall": 0.9084750513922631,
            "f1-score": 0.9083697308703805,
            "support": 21404.0
        }
    }
}