{
    "0": {
        "precision": 0.6192714453584018,
        "recall": 0.7443502824858758,
        "f1-score": 0.6760744066709429,
        "support": 708.0
    },
    "1": {
        "precision": 0.2106401384083045,
        "recall": 0.6399474375821288,
        "f1-score": 0.3169541164985356,
        "support": 761.0
    },
    "2": {
        "precision": 0.9917765709852598,
        "recall": 0.8765770707624795,
        "f1-score": 0.9306253184829293,
        "support": 14584.0
    },
    "accuracy": 0.8595278141157416,
    "macro avg": {
        "precision": 0.6072293849173221,
        "recall": 0.753624930276828,
        "f1-score": 0.6412179472174692,
        "support": 16053.0
    },
    "weighted avg": {
        "precision": 0.9383175007719118,
        "recall": 0.8595278141157416,
        "f1-score": 0.8903072576673179,
        "support": 16053.0
    }
}