{
    "0": {
        "precision": 0.6633416458852868,
        "recall": 0.751412429378531,
        "f1-score": 0.704635761589404,
        "support": 708.0
    },
    "1": {
        "precision": 0.30155210643015523,
        "recall": 0.5361366622864652,
        "f1-score": 0.3859981078524125,
        "support": 761.0
    },
    "2": {
        "precision": 0.9864728737947907,
        "recall": 0.9400713110257817,
        "f1-score": 0.9627132926058564,
        "support": 14584.0
    },
    "accuracy": 0.9126020058556034,
    "macro avg": {
        "precision": 0.6504555420367443,
        "recall": 0.7425401342302593,
        "f1-score": 0.6844490540158908,
        "support": 16053.0
    },
    "weighted avg": {
        "precision": 0.9397525340872956,
        "recall": 0.9126020058556034,
        "f1-score": 0.9239916114523636,
        "support": 16053.0
    }
}