{
    "0": {
        "precision": 0.6431273644388399,
        "recall": 0.7203389830508474,
        "f1-score": 0.6795469686875416,
        "support": 708.0
    },
    "1": {
        "precision": 0.2984550561797753,
        "recall": 0.5584756898817346,
        "f1-score": 0.3890160183066362,
        "support": 761.0
    },
    "2": {
        "precision": 0.9871350101185313,
        "recall": 0.9365057597366977,
        "f1-score": 0.9611541168191414,
        "support": 14584.0
    },
    "accuracy": 0.9090512676758238,
    "macro avg": {
        "precision": 0.6429058102457156,
        "recall": 0.7384401442230932,
        "f1-score": 0.676572367937773,
        "support": 16053.0
    },
    "weighted avg": {
        "precision": 0.939315732843965,
        "recall": 0.9090512676758238,
        "f1-score": 0.9216116665702665,
        "support": 16053.0
    }
}