{
    "0": {
        "precision": 0.6675358539765319,
        "recall": 0.7231638418079096,
        "f1-score": 0.6942372881355933,
        "support": 708.0
    },
    "1": {
        "precision": 0.35418583256669733,
        "recall": 0.5059132720105125,
        "f1-score": 0.4166666666666667,
        "support": 761.0
    },
    "2": {
        "precision": 0.9836608211845904,
        "recall": 0.9576933625891387,
        "f1-score": 0.9705034221589133,
        "support": 14584.0
    },
    "accuracy": 0.9259328474428455,
    "macro avg": {
        "precision": 0.6684608359092733,
        "recall": 0.7289234921358535,
        "f1-score": 0.6938024589870576,
        "support": 16053.0
    },
    "weighted avg": {
        "precision": 0.9398779181059433,
        "recall": 0.9259328474428455,
        "f1-score": 0.9320641152494191,
        "support": 16053.0
    }
}