{
    "0": {
        "precision": 0.6031746031746031,
        "recall": 0.751412429378531,
        "f1-score": 0.6691823899371069,
        "support": 708.0
    },
    "1": {
        "precision": 0.2893553223388306,
        "recall": 0.507227332457293,
        "f1-score": 0.3684964200477327,
        "support": 761.0
    },
    "2": {
        "precision": 0.9864855098648551,
        "recall": 0.935957213384531,
        "f1-score": 0.960557334365434,
        "support": 14584.0
    },
    "accuracy": 0.907493926368903,
    "macro avg": {
        "precision": 0.6263384784594296,
        "recall": 0.7315323250734517,
        "f1-score": 0.6660787147834245,
        "support": 16053.0
    },
    "weighted avg": {
        "precision": 0.9365322179789768,
        "recall": 0.907493926368903,
        "f1-score": 0.9196396357140276,
        "support": 16053.0
    }
}