{
    "0": {
        "precision": 0.6120789779326364,
        "recall": 0.7443502824858758,
        "f1-score": 0.6717654557042703,
        "support": 708.0
    },
    "1": {
        "precision": 0.2829922371206775,
        "recall": 0.5269382391590013,
        "f1-score": 0.3682277318640955,
        "support": 761.0
    },
    "2": {
        "precision": 0.9864246823956443,
        "recall": 0.9317059791552387,
        "f1-score": 0.958284847843718,
        "support": 14584.0
    },
    "accuracy": 0.9042546564505077,
    "macro avg": {
        "precision": 0.6271652991496528,
        "recall": 0.7343315002667051,
        "f1-score": 0.6660926784706945,
        "support": 16053.0
    },
    "weighted avg": {
        "precision": 0.9365680294576227,
        "recall": 0.9042546564505077,
        "f1-score": 0.9176762890138904,
        "support": 16053.0
    }
}