{
    "0": {
        "precision": 0.6597402597402597,
        "recall": 0.7175141242937854,
        "f1-score": 0.6874154262516915,
        "support": 708.0
    },
    "1": {
        "precision": 0.2863145258103241,
        "recall": 0.6268068331143233,
        "f1-score": 0.3930778739184178,
        "support": 761.0
    },
    "2": {
        "precision": 0.9908202981567159,
        "recall": 0.9251234229292375,
        "f1-score": 0.9568455019325556,
        "support": 14584.0
    },
    "accuracy": 0.9018252040117112,
    "macro avg": {
        "precision": 0.6456250279024333,
        "recall": 0.7564814601124487,
        "f1-score": 0.6791129340342216,
        "support": 16053.0
    },
    "weighted avg": {
        "precision": 0.9428209485052829,
        "recall": 0.9018252040117112,
        "f1-score": 0.9182369142230427,
        "support": 16053.0
    }
}