{
    "0": {
        "precision": 0.6183465458663646,
        "recall": 0.7711864406779662,
        "f1-score": 0.6863607793840352,
        "support": 708.0
    },
    "1": {
        "precision": 0.30178432893716056,
        "recall": 0.5111695137976346,
        "f1-score": 0.3795121951219512,
        "support": 761.0
    },
    "2": {
        "precision": 0.9858799798285426,
        "recall": 0.9383571036752606,
        "f1-score": 0.9615317056033725,
        "support": 14584.0
    },
    "accuracy": 0.9107331962872983,
    "macro avg": {
        "precision": 0.6353369515440226,
        "recall": 0.7402376860502872,
        "f1-score": 0.675801560036453,
        "support": 16053.0
    },
    "weighted avg": {
        "precision": 0.9372404444411655,
        "recall": 0.9107331962872983,
        "f1-score": 0.9218046849069511,
        "support": 16053.0
    }
}