{
    "0": {
        "precision": 0.6481012658227848,
        "recall": 0.7231638418079096,
        "f1-score": 0.6835781041388518,
        "support": 708.0
    },
    "1": {
        "precision": 0.27867790019442645,
        "recall": 0.5650459921156373,
        "f1-score": 0.3732638888888889,
        "support": 761.0
    },
    "2": {
        "precision": 0.9871720116618076,
        "recall": 0.9286889742183214,
        "f1-score": 0.9570378745053703,
        "support": 14584.0
    },
    "accuracy": 0.9023858468822027,
    "macro avg": {
        "precision": 0.6379837258930063,
        "recall": 0.7389662693806227,
        "f1-score": 0.6712932891777036,
        "support": 16053.0
    },
    "weighted avg": {
        "precision": 0.9386311715147507,
        "recall": 0.9023858468822027,
        "f1-score": 0.9173031507482134,
        "support": 16053.0
    }
}