{
    "0": {
        "precision": 0.6622340425531915,
        "recall": 0.7033898305084746,
        "f1-score": 0.6821917808219178,
        "support": 708.0
    },
    "1": {
        "precision": 0.28009127210496293,
        "recall": 0.6452036793692509,
        "f1-score": 0.390612569610183,
        "support": 761.0
    },
    "2": {
        "precision": 0.9910687924416888,
        "recall": 0.9206664838178826,
        "f1-score": 0.9545713066969999,
        "support": 14584.0
    },
    "accuracy": 0.8980252912228244,
    "macro avg": {
        "precision": 0.6444647023666145,
        "recall": 0.7564199978985361,
        "f1-score": 0.6757918857097002,
        "support": 16053.0
    },
    "weighted avg": {
        "precision": 0.9428616725328054,
        "recall": 0.8980252912228244,
        "f1-score": 0.9158235770986304,
        "support": 16053.0
    }
}