{
    "model": "balanced_tuning_svm",
    "train_accuracy": 0.939916368818184,
    "test_accuracy": 0.9211362362175294,
    "train_time_sec": 2.938523530960083,
    "classification_report": {
        "negative": {
            "precision": 0.6569200779727096,
            "recall": 0.3569915254237288,
            "f1-score": 0.4625943719972546,
            "support": 944.0
        },
        "neutral": {
            "precision": 0.2857142857142857,
            "recall": 0.02564102564102564,
            "f1-score": 0.047058823529411764,
            "support": 1014.0
        },
        "positive": {
            "precision": 0.9304326923076923,
            "recall": 0.9952175254551064,
            "f1-score": 0.9617353277344333,
            "support": 19446.0
        },
        "accuracy": 0.9211362362175294,
        "macro avg": {
            "precision": 0.6243556853315625,
            "recall": 0.45928335883995364,
            "f1-score": 0.49046284108703314,
            "support": 21404.0
        },
        "weighted avg": {
            "precision": 0.8878266199745798,
            "recall": 0.9211362362175294,
            "f1-score": 0.8963890822906008,
            "support": 21404.0
        }
    }
}