{
    "0": {
        "precision": 0.6662106703146374,
        "recall": 0.6878531073446328,
        "f1-score": 0.6768589298123697,
        "support": 708.0
    },
    "1": {
        "precision": 0.2649191299498048,
        "recall": 0.6241787122207622,
        "f1-score": 0.37196554424432265,
        "support": 761.0
    },
    "2": {
        "precision": 0.9897996895557691,
        "recall": 0.9181980252331322,
        "f1-score": 0.952655355173763,
        "support": 14584.0
    },
    "accuracy": 0.8941007911293839,
    "macro avg": {
        "precision": 0.6403098299400705,
        "recall": 0.7434099482661757,
        "f1-score": 0.6671599430768184,
        "support": 16053.0
    },
    "weighted avg": {
        "precision": 0.9411648467548684,
        "recall": 0.8941007911293839,
        "f1-score": 0.9129637825534944,
        "support": 16053.0
    }
}