{
    "0": {
        "precision": 0.6374845869297164,
        "recall": 0.730225988700565,
        "f1-score": 0.6807109940750494,
        "support": 708.0
    },
    "1": {
        "precision": 0.26635238656452564,
        "recall": 0.5939553219448095,
        "f1-score": 0.3677786818551668,
        "support": 761.0
    },
    "2": {
        "precision": 0.9890734588409007,
        "recall": 0.9186094349972572,
        "f1-score": 0.9525400831881687,
        "support": 14584.0
    },
    "accuracy": 0.8949106086089827,
    "macro avg": {
        "precision": 0.6309701441117143,
        "recall": 0.7475969152142107,
        "f1-score": 0.6670099197061283,
        "support": 16053.0
    },
    "weighted avg": {
        "precision": 0.9393060846855752,
        "recall": 0.8949106086089827,
        "f1-score": 0.9128304699379037,
        "support": 16053.0
    }
}