{
    "0": {
        "precision": 0.6585365853658537,
        "recall": 0.7245762711864406,
        "f1-score": 0.6899798251513114,
        "support": 708.0
    },
    "1": {
        "precision": 0.28973185088293,
        "recall": 0.5821287779237845,
        "f1-score": 0.3868995633187773,
        "support": 761.0
    },
    "2": {
        "precision": 0.988941433248454,
        "recall": 0.9320488206253429,
        "f1-score": 0.9596526527586572,
        "support": 14584.0
    },
    "accuracy": 0.9063103469756432,
    "macro avg": {
        "precision": 0.6457366231657459,
        "recall": 0.746251289911856,
        "f1-score": 0.6788440137429154,
        "support": 16053.0
    },
    "weighted avg": {
        "precision": 0.9412229305087141,
        "recall": 0.9063103469756432,
        "f1-score": 0.9206073987245358,
        "support": 16053.0
    }
}