{
    "model": "Linear_SVM_BALANCED",
    "train_accuracy": 0.9433010492332526,
    "test_accuracy": 0.6395951035781544,
    "train_time_sec": 0.05955314636230469,
    "classification_report": {
        "negative": {
            "precision": 0.6239086635325722,
            "recall": 0.6560734463276836,
            "f1-score": 0.6395869191049914,
            "support": 1416.0
        },
        "neutral": {
            "precision": 0.5358744394618834,
            "recall": 0.5063559322033898,
            "f1-score": 0.5206971677559913,
            "support": 1416.0
        },
        "positive": {
            "precision": 0.7536945812807881,
            "recall": 0.7563559322033898,
            "f1-score": 0.7550229115262601,
            "support": 1416.0
        },
        "accuracy": 0.6395951035781544,
        "macro avg": {
            "precision": 0.6378258947584147,
            "recall": 0.6395951035781544,
            "f1-score": 0.638435666129081,
            "support": 4248.0
        },
        "weighted avg": {
            "precision": 0.6378258947584147,
            "recall": 0.6395951035781544,
            "f1-score": 0.6384356661290809,
            "support": 4248.0
        }
    }
}