{
    "0": {
        "precision": 0.5856236786469344,
        "recall": 0.7824858757062146,
        "f1-score": 0.6698911729141476,
        "support": 708.0
    },
    "1": {
        "precision": 0.24145917776491024,
        "recall": 0.5479632063074902,
        "f1-score": 0.33520900321543406,
        "support": 761.0
    },
    "2": {
        "precision": 0.9911061285500747,
        "recall": 0.9092841470104224,
        "f1-score": 0.9484337004720355,
        "support": 14584.0
    },
    "accuracy": 0.8865632592038871,
    "macro avg": {
        "precision": 0.6060629949873064,
        "recall": 0.7465777430080425,
        "f1-score": 0.6511779588672058,
        "support": 16053.0
    },
    "weighted avg": {
        "precision": 0.9376854031978705,
        "recall": 0.8865632592038871,
        "f1-score": 0.9070786824614917,
        "support": 16053.0
    }
}