{
    "0": {
        "precision": 0.6820083682008368,
        "recall": 0.690677966101695,
        "f1-score": 0.6863157894736842,
        "support": 708.0
    },
    "1": {
        "precision": 0.2838905775075988,
        "recall": 0.6136662286465178,
        "f1-score": 0.3881961762261014,
        "support": 761.0
    },
    "2": {
        "precision": 0.9877291651449858,
        "recall": 0.9272490400438838,
        "f1-score": 0.9565340406719717,
        "support": 14584.0
    },
    "accuracy": 0.9019497913162648,
    "macro avg": {
        "precision": 0.6512093702844738,
        "recall": 0.7438644115973654,
        "f1-score": 0.6770153354572525,
        "support": 16053.0
    },
    "weighted avg": {
        "precision": 0.9408798852952063,
        "recall": 0.9019497913162648,
        "f1-score": 0.9176740371404389,
        "support": 16053.0
    }
}