{
    "0": {
        "precision": 0.6847222222222222,
        "recall": 0.6963276836158192,
        "f1-score": 0.6904761904761905,
        "support": 708.0
    },
    "1": {
        "precision": 0.3082706766917293,
        "recall": 0.5926412614980289,
        "f1-score": 0.4055755395683453,
        "support": 761.0
    },
    "2": {
        "precision": 0.9864455659697188,
        "recall": 0.938151398793198,
        "f1-score": 0.961692556406832,
        "support": 14584.0
    },
    "accuracy": 0.9111069582009593,
    "macro avg": {
        "precision": 0.6598128216278901,
        "recall": 0.7423734479690154,
        "f1-score": 0.685914762150456,
        "support": 16053.0
    },
    "weighted avg": {
        "precision": 0.9409891890860349,
        "recall": 0.9111069582009593,
        "f1-score": 0.923367867134236,
        "support": 16053.0
    }
}