{
    "0": {
        "precision": 0.6545454545454545,
        "recall": 0.711864406779661,
        "f1-score": 0.6820027063599459,
        "support": 708.0
    },
    "1": {
        "precision": 0.30363036303630364,
        "recall": 0.6044678055190539,
        "f1-score": 0.40421792618629176,
        "support": 761.0
    },
    "2": {
        "precision": 0.9890325392213829,
        "recall": 0.9336944596818432,
        "f1-score": 0.9605671557562077,
        "support": 14584.0
    },
    "accuracy": 0.9083037438485019,
    "macro avg": {
        "precision": 0.6490694522677137,
        "recall": 0.750008890660186,
        "f1-score": 0.6822625961008151,
        "support": 16053.0
    },
    "weighted avg": {
        "precision": 0.9417885404655489,
        "recall": 0.9083037438485019,
        "f1-score": 0.9219073791490153,
        "support": 16053.0
    }
}